Area,MajorAxisLength,MinorAxisLength,Eccentricity,ConvexArea,Extent,Perimeter,Class
0.11856393,0.09871008,0.191517958,0.599906441,0.097969676,0.699631908,0.119550926,1
0.161723164,0.140398844,0.225391874,0.648231422,0.130324741,0.677817397,0.147777026,1
0.226950355,0.250198832,0.209101046,0.826661314,0.183371813,0.764311104,0.212753869,1
0.335562167,0.185024789,0.507807751,0.233711294,0.268301875,0.810254574,0.248517448,1
0.138332933,0.139635971,0.181228591,0.709877401,0.116301304,0.684460787,0.152643578,1
0.121849581,0.099418929,0.19983004,0.586551854,0.103583018,0.593178326,0.124288551,1
0.14582582,0.156581994,0.173197089,0.748892318,0.120300066,0.562458031,0.148271571,-1
0.166601555,0.156427756,0.217961133,0.691811628,0.143768992,0.61552224,0.179218629,1
0.25249429,0.149486574,0.417253154,0.295535664,0.210613382,0.792900469,0.214615628,1
0.248322114,0.310668597,0.188110929,0.887589153,0.206364697,0.729938494,0.258825437,-1
0.750591017,0.631607272,0.495425301,0.892447999,0.610215886,0.465995001,0.538901389,-1
0.137481468,0.148737636,0.173926712,0.735360203,0.115059624,0.96034681,0.148748316,1
0.199022318,0.203104551,0.215678581,0.768176086,0.161402423,0.843901949,0.192083049,1
0.102881957,0.078934801,0.186620232,0.54819437,0.084089052,0.70180942,0.108284155,1
0.361601955,0.385086814,0.281812771,0.876658755,0.297891922,0.759719141,0.326965828,-1
0.504678046,0.328184398,0.580119761,0.558842757,0.430973746,0.537868932,0.447452926,-1
0.159890011,0.162981817,0.189836814,0.739010144,0.131253025,0.702321536,0.154588082,1
0.408252194,0.331965305,0.415846098,0.736749707,0.329957394,0.737770394,0.320211057,-1
0.18321513,0.180330773,0.214753141,0.736711815,0.149100675,0.67481409,0.174141847,1
0.898931162,0.480793493,0.851453132,0.531055311,0.727227287,0.814649254,0.532632504,-1
0.086258364,0.070651979,0.162268439,0.571444957,0.074599925,0.643706887,0.106362262,1
0.439851545,0.419019387,0.345840263,0.860436984,0.35960298,0.759451337,0.370139882,-1
0.180420323,0.230763808,0.188358351,0.825370105,0.163231222,0.477474767,0.223412562,-1
0.247305365,0.214598545,0.292144426,0.700674583,0.203782163,0.672208164,0.213742959,1
0.267940858,0.219617486,0.324915832,0.669845725,0.217527908,0.655381108,0.227853844,1
0.311916496,0.233325493,0.383699704,0.620838413,0.252187815,0.79858082,0.2441185,-1
0.240032857,0.215428361,0.275102363,0.721500278,0.193138632,0.680665835,0.205633482,1
0.245617462,0.241125237,0.252575205,0.778921404,0.199581082,0.65759136,0.21770461,1
0.314591097,0.320939765,0.272625602,0.839141228,0.254516459,0.611504991,0.276236013,1
0.203730416,0.166482109,0.271970917,0.636444555,0.164092067,0.840257375,0.169753964,1
0.117737509,0.11983138,0.154303279,0.709478296,0.096513777,0.623266985,0.123203246,1
0.041446288,0.002156708,0.135981086,0.314012083,0.034306842,0.906812919,0.038650027,1
0.222177145,0.187816511,0.281737273,0.666408351,0.18480391,0.730350838,0.196489694,-1
0.869635774,0.505127236,0.775227178,0.637892255,0.695518847,0.853193636,0.514168854,-1
0.103843611,0.096502846,0.164949262,0.641033284,0.094641341,0.54678826,0.138525958,1
0.243343551,0.173188626,0.343186269,0.540499307,0.195233221,0.822836894,0.19179248,1
0.301168009,0.239732495,0.361787657,0.66038921,0.246788692,0.709144158,0.244778054,-1
0.595338983,0.493379323,0.463671869,0.839972223,0.485520355,0.922740403,0.446440744,-1
0.457426774,0.447630077,0.387665876,0.85418368,0.40147494,0.488942872,0.418174235,-1
0.231438073,0.209521877,0.266924307,0.721707645,0.190044351,0.743375294,0.21681847,1
0.207181352,0.187742828,0.252006016,0.704154028,0.170185419,0.795731276,0.186153802,1
0.084490323,0.126428431,0.08281125,0.809868536,0.073802553,0.698366781,0.110961818,1
0.395670553,0.341169934,0.384356146,0.773259116,0.325526226,0.861095303,0.335197979,-1
0.111266378,0.091832251,0.179347993,0.602792513,0.091043249,0.74919414,0.106544108,1
0.308776095,0.206489732,0.41812367,0.506300759,0.246737121,0.763918453,0.228758745,1
0.364521978,0.252795309,0.447184894,0.576047559,0.295622783,0.718988669,0.301133556,-1
0.228162439,0.130084883,0.385557978,0.282208678,0.183240902,0.834623541,0.179910414,1
0.183700966,0.164241681,0.241428187,0.675006235,0.153412833,0.594185373,0.185296046,1
0.103282646,0.092332791,0.195994904,0.572590366,0.089746031,0.692326475,0.116182441,1
0.388533277,0.384561315,0.311720176,0.858879503,0.316636121,0.794125625,0.332945587,-1
0.296960773,0.228129039,0.361360978,0.639704735,0.240552527,0.814692728,0.240501299,1
0.20740674,0.171797119,0.278490347,0.638473732,0.168967542,0.697558159,0.186320735,1
0.283542693,0.256592897,0.308489826,0.744102889,0.229266338,0.767396231,0.245999021,-1
0.089694274,0.101929193,0.112174864,0.734726343,0.073687509,0.73306239,0.094101109,1
0.27227331,0.280310083,0.252483207,0.8196811,0.220483342,0.787079791,0.24144613,1
0.07047121,0.054333864,0.129256726,0.586842841,0.056859385,0.697368599,0.065786011,1
0.071533037,0.035143162,0.167984702,0.409072718,0.062365617,0.621563924,0.082932478,1
0.189345675,0.142046763,0.287641298,0.549584154,0.153757964,0.712794113,0.172234866,1
0.187562608,0.253400707,0.136155584,0.884131494,0.151806187,0.891769789,0.192179264,1
0.300827423,0.318137988,0.271449996,0.837762295,0.252521045,0.449769667,0.30169449,-1
0.669536603,0.446551969,0.644098503,0.676260451,0.553181952,0.882592899,0.454498265,-1
0.26504087,0.214269274,0.341571147,0.638637255,0.223165052,0.534307239,0.249500765,-1
0.320771727,0.309985806,0.297337221,0.811766045,0.262906719,0.537625382,0.278917043,-1
0.400488841,0.325497212,0.396813161,0.745980684,0.325030348,0.854214263,0.311641191,-1
0.392069359,0.299033831,0.430943493,0.678639213,0.324712986,0.58694039,0.343068362,-1
0.070381055,0.027387716,0.197738266,0.258714325,0.066074786,0.585979124,0.083673814,1
0.206485154,0.26898372,0.160956946,0.877959619,0.175798761,0.722334583,0.224220767,-1
0.594507553,0.428025883,0.540540037,0.738825033,0.487694285,0.767265464,0.426800386,-1
0.908227151,0.632197459,0.659653331,0.820313,0.729833623,0.879546718,0.599908403,-1
0.138688544,0.131739319,0.196578352,0.672526439,0.116602798,0.58507057,0.151843551,-1
0.272208198,0.240219529,0.305567389,0.724793056,0.22678298,0.81033648,0.257599177,1
0.461819329,0.398701965,0.415554327,0.802478913,0.386578757,0.768684732,0.391081066,-1
0.885177505,0.594785255,0.677086947,0.787991644,0.726374376,0.74048258,0.581535677,-1
0.184782826,0.211170732,0.177308752,0.815078949,0.148592896,0.903391897,0.172625018,-1
0.375305526,0.330649028,0.355624445,0.785720951,0.309888209,0.570146875,0.322385034,-1
0.377889971,0.251565749,0.468332461,0.543457071,0.304437515,0.818094375,0.280608502,1
0.291015547,0.25432547,0.317299498,0.732259573,0.238735629,0.724525905,0.264193269,1
0.258725007,0.211314153,0.326583599,0.652511655,0.214040892,0.761798861,0.237236245,1
0.21995332,0.167604546,0.31770857,0.568159818,0.18130896,0.705220306,0.207798318,1
0.533036823,0.450860678,0.435248754,0.828844843,0.435083585,0.72794633,0.403112746,-1
0.306882838,0.276804385,0.32875834,0.750037332,0.249561644,0.702157022,0.272051144,-1
0.124839724,0.166660978,0.110743404,0.829258193,0.102868953,0.534453227,0.16470316,1
0.32549986,0.330459195,0.279161884,0.841957951,0.268516094,0.578805669,0.304330298,-1
0.281409024,0.217824058,0.350304673,0.634106268,0.233360309,0.698893385,0.273377467,1
0.521426854,0.352691275,0.561776826,0.623672376,0.438023152,0.587520984,0.398623356,-1
0.299359899,0.254838893,0.33422733,0.71545432,0.241663295,0.708309666,0.250933405,1
0.29548824,0.231033511,0.365902642,0.639418233,0.243932434,0.647695592,0.2508954,-1
0.234563449,0.195708579,0.303584017,0.652655985,0.191345536,0.873441149,0.207413939,1
0.645159675,0.462615048,0.57248915,0.748744878,0.531061814,0.839255221,0.450642932,-1
0.16770345,0.167827897,0.195999897,0.739301695,0.136271313,0.779414868,0.154564028,-1
0.258429499,0.258427318,0.258955214,0.792523345,0.208276803,0.8316501,0.227394417,1
0.28648275,0.272856225,0.347606427,0.726737678,0.268920731,0.457839251,0.337419101,-1
0.286718155,0.318451664,0.240077039,0.859502788,0.243424654,0.555802747,0.300629871,-1
0.108055856,0.153122644,0.095895973,0.828684421,0.088611462,0.515314407,0.131070743,1
0.238705574,0.222517804,0.261407554,0.746565443,0.190825855,0.682168216,0.201245599,1
0.212199984,0.16013168,0.3097527,0.56159256,0.172157031,0.604490685,0.198820501,1
0.23994771,0.284601892,0.212039348,0.853751034,0.19842271,0.602675413,0.254260518,-1
0.415349401,0.298027137,0.480428416,0.622281974,0.342584438,0.674033381,0.33074034,-1
0.53145911,0.363482668,0.546874291,0.655405739,0.428720475,0.714810286,0.381466306,-1
0.252624514,0.21456891,0.300631382,0.690587381,0.203500504,0.80227206,0.222384024,1
0.850933606,0.497886362,0.759758432,0.641847448,0.679499996,0.855578034,0.490710206,-1
0.195356012,0.290186953,0.124543715,0.913809391,0.169288871,0.558414995,0.268747604,-1
0.513613415,0.434248364,0.433066843,0.8184955,0.415058038,0.631965213,0.388480376,-1
0.041210883,0.037377341,0.078293073,0.638800323,0.03664342,0.895947907,0.048521681,1
0.140792163,0.164415438,0.147089788,0.78964296,0.113996461,0.683320169,0.145615557,1
0.171630204,0.162338367,0.217403138,0.703445938,0.14378486,0.7313386,0.173501055,1
0.264324638,0.294913753,0.226340243,0.851535966,0.220368299,0.776202747,0.260846913,-1
0.350487839,0.331666843,0.31597004,0.816856182,0.283578892,0.785989129,0.291665043,-1
0.663591377,0.50312702,0.529607904,0.80899765,0.538571395,0.573897256,0.473872589,-1
0.230972272,0.343160348,0.131201199,0.935210709,0.194455684,0.264904161,0.271219366,-1
0.280572585,0.253304232,0.299445071,0.748777591,0.228084164,0.73282129,0.254766128,1
0.140251232,0.098769043,0.243300309,0.496598506,0.11511913,0.737252062,0.138353252,1
0.120341988,0.084011734,0.217197655,0.499694697,0.098739279,0.726906838,0.120323532,1
0.194915254,0.281361088,0.124275878,0.909146585,0.162886091,0.672476558,0.22254807,-1
0.183175061,0.147675301,0.261033722,0.609720353,0.151877593,0.729118731,0.169184371,1
0.368373603,0.209790443,0.525549506,0.306956126,0.295971882,0.791408524,0.268211686,1
0.049334856,0.054329766,0.085534354,0.672376979,0.044744087,0.717684888,0.063422491,1
0.066103698,0.063260225,0.106857403,0.65716155,0.054693389,0.695211338,0.068969283,1
0.584415194,0.566418979,0.377918165,0.914267488,0.486190782,0.773533333,0.482761408,-1
0.431647434,0.344039742,0.430910707,0.737572168,0.349054658,0.778981644,0.329127297,-1
0.736000922,0.47972819,0.663606663,0.6983013,0.588988329,0.562458437,0.467999148,-1
0.230721842,0.223325493,0.275667586,0.732542859,0.18932632,0.816458874,0.232083934,1
0.539497936,0.538940602,0.348868376,0.915787507,0.438967304,0.444778183,0.445301078,-1
0.099556237,0.084180361,0.171010778,0.596232291,0.087286475,0.60811854,0.125444092,1
0.581860801,0.477520857,0.466482311,0.828365952,0.478165488,0.84423783,0.438511189,-1
0.553512041,0.517996841,0.410796444,0.880049977,0.46931902,0.554726326,0.469112836,-1
0.218350563,0.226922214,0.23007738,0.783530204,0.187001642,0.765825945,0.234146783,-1
0.313288857,0.181695326,0.471077434,0.311826068,0.251676069,0.726854651,0.231153535,1
0.29140121,0.310332504,0.250149923,0.846648866,0.240877824,0.503439,0.278995939,-1
0.126131947,0.111078697,0.185351761,0.643062411,0.101571736,0.748481844,0.122531184,1
0.395505269,0.436338957,0.27453096,0.906628437,0.324617777,0.632597584,0.371224225,-1
0.197780182,0.217174146,0.198654684,0.801968756,0.164877538,0.857481939,0.190368498,1
0.46243038,0.330455563,0.488620349,0.665661884,0.376006633,0.756025715,0.357347142,-1
0.312888168,0.201055469,0.450986312,0.430481049,0.257178334,0.765242005,0.252694139,-1
0.719347277,0.640016071,0.452869688,0.911643647,0.589416768,0.73984125,0.559155117,-1
1,0.666579326,0.707444538,0.816551227,0.805528448,0.799676239,0.594040253,-1
0.269899227,0.235007802,0.319903447,0.701347831,0.221506835,0.721094109,0.236353954,1
0.255539528,0.191551234,0.346459449,0.582456588,0.21004213,0.771282994,0.219191131,1
0.303056257,0.325974742,0.250538517,0.857907212,0.250835059,0.769394752,0.280668155,-1
0.676483552,0.477048433,0.582521275,0.75484074,0.545005911,0.889763981,0.447175827,-1
0.361251352,0.338584109,0.325790994,0.815588141,0.29378605,0.678344895,0.314530526,-1
0.388453139,0.325968932,0.383032843,0.758388597,0.324954974,0.737113993,0.346385373,-1
0.319795047,0.212595755,0.434987224,0.49505541,0.261327843,0.696088389,0.252545968,-1
0.249704492,0.215182967,0.299451817,0.693019469,0.205297567,0.632838471,0.220498211,-1
0.327002444,0.259967162,0.377480311,0.676122728,0.261391315,0.790721118,0.261679172,-1
0.090425532,0.066066829,0.16669018,0.546389855,0.075349693,0.682617548,0.088842,1
0.76605261,0.51892464,0.638407633,0.753700128,0.617174049,0.89902783,0.486669659,-1
0.179548824,0.159910437,0.238384145,0.67063095,0.148227929,0.743778994,0.170783945,1
0.632668189,0.478807254,0.535430112,0.787511278,0.516756718,0.639713651,0.476035501,-1
0.080713828,0.045205176,0.178314684,0.430522512,0.067340268,0.975558915,0.082433603,1
0.163245783,0.143434936,0.226353846,0.653496426,0.131594189,0.872345054,0.147555731,1
0.470554353,0.437907543,0.377677394,0.853889327,0.39425892,0.632793822,0.409245487,-1
0.251141964,0.249965449,0.259003271,0.783143596,0.210367426,0.611972304,0.25218901,-1
0.843606002,0.586953601,0.643179526,0.801333397,0.694634201,0.903624876,0.552177128,-1
0.200885523,0.181024064,0.249063527,0.696178987,0.163282793,0.698174471,0.178241566,1
0.364992788,0.381609286,0.291191197,0.869188636,0.308551321,0.431522589,0.349555174,-1
0.251597748,0.184789026,0.343547365,0.570428067,0.203722657,0.760365344,0.211726775,1
0.380915174,0.387718315,0.308263496,0.862936916,0.322840549,0.77580498,0.372418733,-1
0.455653724,0.426171574,0.382586438,0.843634805,0.392707813,0.80675636,0.392227468,-1
0.382573026,0.314954259,0.390464533,0.739299938,0.306793929,0.8896462,0.295740708,-1
0.25856974,0.258649231,0.274723086,0.778639543,0.218924301,0.602336694,0.246529647,-1
0.190963457,0.185517353,0.222426831,0.735795386,0.154388721,0.623330785,0.172230056,1
0.139655207,0.143222408,0.17384507,0.726074156,0.115634843,0.688843322,0.145735344,1
0.318868454,0.250013606,0.376436392,0.660752566,0.263795333,0.787577732,0.277558969,1
0.134626558,0.122868524,0.20124438,0.645564966,0.110985489,0.668204599,0.146302532,1
0.294216052,0.242858819,0.33833694,0.692932852,0.238430168,0.733054945,0.252996735,1
0.309857956,0.269359994,0.336683177,0.732932323,0.253972977,0.781254942,0.26336101,-1
0.09552931,0.089410332,0.154478497,0.640934433,0.084684106,0.587292033,0.110719837,1
0.250065112,0.216444416,0.293675425,0.701879198,0.202235022,0.71303157,0.218741807,1
0.115498658,0.136616053,0.132561822,0.766798438,0.094641341,0.539419956,0.126989304,1
0.159474296,0.166914364,0.183277791,0.752840899,0.131578321,0.592903079,0.160881983,1
0.417638338,0.319542135,0.432468208,0.705971931,0.337601853,0.856440965,0.312011619,-1
0.400293505,0.32097437,0.402966417,0.735221253,0.325117622,0.893677393,0.30830157,-1
0.376958368,0.269207531,0.449692812,0.606313249,0.308412476,0.756945249,0.306904048,-1
0.143131186,0.184594351,0.13226536,0.828247541,0.117118511,0.491270495,0.156120786,1
0.123267019,0.098684562,0.19685335,0.589972687,0.098056951,0.876734257,0.103553266,1
0.261624995,0.303906684,0.237747884,0.850399827,0.2255294,0.595605681,0.281942041,-1
0.418840405,0.361253775,0.382491953,0.793836722,0.33785971,0.529143393,0.326203805,-1
0.165134031,0.146037207,0.22019897,0.668079352,0.131879815,0.786475111,0.142544857,1
0.96702328,0.447941564,1,0.258727652,0.801815311,0.772868194,0.639052975,-1
0.224431021,0.191234024,0.28737941,0.665485106,0.18168186,0.682473405,0.194922833,1
0.217433986,0.169683358,0.314271399,0.579093705,0.181451773,0.704728146,0.203107839,-1
0.159854951,0.135286394,0.224374357,0.638133962,0.130253334,0.739480687,0.144307996,1
0.105261049,0.104546499,0.151783486,0.681546665,0.089226351,0.565795315,0.108186978,1
0.322224226,0.394637647,0.228907657,0.90979679,0.274173073,0.367817295,0.325352303,-1
0.101654846,0.139481969,0.097718596,0.810432095,0.089845207,0.558330594,0.135676552,1
0.120126618,0.123128796,0.16219302,0.704743078,0.105336443,0.64808373,0.145277361,-1
0.510402893,0.536790563,0.328981017,0.922913873,0.408452939,0.339901097,0.421896791,-1
0.287990343,0.258135123,0.314032856,0.740623498,0.236990138,0.58917047,0.261923077,1
0.247736106,0.199952058,0.312442246,0.649159571,0.198410809,0.780372623,0.202875961,1
0.148234964,0.087174606,0.300366722,0.295248754,0.126770285,0.758162393,0.145543877,1
0.698175862,0.563374131,0.513276883,0.853946357,0.566733313,0.829462108,0.498351116,-1
0.130038667,0.151654094,0.172995977,0.741304699,0.112810321,0.591139307,0.149603185,-1
0.315056898,0.374265499,0.223011772,0.902973763,0.262529852,0.384771317,0.316698249,-1
0.181376968,0.161408945,0.235629049,0.677399669,0.147803458,0.80547577,0.170010858,1
0.902101615,0.527559806,0.77597554,0.663910366,0.727342331,0.85477146,0.537728529,-1
0.076706936,0.062902395,0.136753823,0.598860716,0.062619507,0.750132903,0.07347118,-1
0.118583964,0.089571224,0.212879559,0.529227387,0.097561072,0.612283168,0.120615545,1
0.216036583,0.191283257,0.267757263,0.690748003,0.177008704,0.730912991,0.206871287,1
0.143246384,0.137004366,0.199264677,0.679595431,0.11876086,0.643912783,0.150116011,1
0.181156589,0.149228583,0.251673194,0.628129908,0.14694658,0.779080553,0.162231879,-1
0.504001883,0.385604947,0.474534849,0.74676663,0.41225335,0.782202836,0.374195342,-1
0.677254878,0.524825105,0.536659118,0.819486485,0.560429708,0.753578593,0.51017401,-1
0.218095124,0.202215623,0.251940015,0.727533589,0.179297678,0.657277142,0.215818796,1
0.071297632,0.070604627,0.119006226,0.654614583,0.057125176,0.775137917,0.070937841,1
0.218741235,0.133295752,0.379206799,0.316360044,0.18281643,0.762003903,0.202280872,1
0.317345835,0.258374309,0.358492117,0.694685022,0.262529852,0.837265249,0.271846687,-1
0.156879833,0.087834987,0.298383088,0.305162645,0.126960703,0.874518944,0.137315093,1
0.354369516,0.3534682,0.305255394,0.841594131,0.293817787,0.648608385,0.32668055,-1
0.170207757,0.155922673,0.224380583,0.682112353,0.140135196,0.697170504,0.174362179,1
0.182338622,0.226618904,0.154900037,0.849269838,0.154011853,0.705239109,0.195814265,1
0.113725608,0.135170771,0.124312321,0.774467892,0.092146082,0.80169712,0.115126963,1
0.336002925,0.257613242,0.397345887,0.649128448,0.277069002,0.804012959,0.28168659,-1
0.145099571,0.177493652,0.141260823,0.811760767,0.118483168,0.702507858,0.157193102,-1
0.204742157,0.257793944,0.171189081,0.86251627,0.175929673,0.544687696,0.244237326,-1
0.441865008,0.432361667,0.345181008,0.868635461,0.364803751,0.544353608,0.372839674,-1
0.090525704,0.140056557,0.073440263,0.836335229,0.077476019,0.654255977,0.1194855,1
0.154966542,0.093481533,0.281794561,0.381862718,0.127099549,0.763573533,0.142601142,1
0.302279921,0.200529192,0.414687456,0.4951496,0.24164346,0.839106114,0.22875201,1
0.2605231,0.315979898,0.204751483,0.880588459,0.216365569,0.530011488,0.261189919,-1
0.202112634,0.159722199,0.293389978,0.587606928,0.170955022,0.79227611,0.200821291,1
0.111301438,0.137708627,0.116197316,0.787578908,0.093546442,0.808467707,0.122682242,-1
0.37463938,0.306968939,0.384400233,0.735175902,0.30062917,0.663713323,0.28804688,-1
0.310108386,0.216779483,0.402990647,0.557289472,0.251771277,0.786635119,0.242021976,1
0.202047522,0.230106755,0.190387748,0.822982747,0.163572386,0.520469346,0.197760693,1
0.117311776,0.138189125,0.133807389,0.767698633,0.101984306,0.617836995,0.148624198,1
0.149852747,0.165260181,0.173327979,0.761826087,0.123997334,0.799243518,0.170389464,1
0.375926594,0.300572286,0.401361715,0.710820859,0.309614484,0.645156723,0.312694745,-1
0.165825219,0.185456751,0.178007273,0.78433842,0.140262141,0.549271164,0.182501964,1
0.101855191,0.08496947,0.170153199,0.600193334,0.08933346,0.590373356,0.12348708,1
0.334580478,0.193207059,0.51810135,0.248226875,0.276823047,0.807165797,0.275049202,-1
0.161242337,0.135549994,0.253452486,0.591372699,0.13524782,0.582195487,0.179460128,1
0.091036583,0.091869994,0.127623019,0.69131351,0.075512341,0.694532134,0.095414443,1
0.144919261,0.219503113,0.110777544,0.877699489,0.128900578,0.538221624,0.193832237,-1
0.204992587,0.178769051,0.260335188,0.677505115,0.169657804,0.678421897,0.190480108,-1
0.293214329,0.263665649,0.310779554,0.750877369,0.242504304,0.713315388,0.268032245,-1
0.318252394,0.220427297,0.449030729,0.493546178,0.268496259,0.639175686,0.298490532,-1
0.190652923,0.141533976,0.285530039,0.551893798,0.153865074,0.78020721,0.157046374,1
0.27108126,0.200981222,0.353803327,0.59349091,0.220725331,0.772042246,0.219482181,1
0.091938134,0.09755146,0.120896911,0.71362321,0.074171487,0.63702284,0.088126642,1
0.643291461,0.402996767,0.647156102,0.614290889,0.527312975,0.788474021,0.463309631,-1
0.301628802,0.37121445,0.205302385,0.910695289,0.250152731,0.553478308,0.314520905,-1
0.602566414,0.473718304,0.509863646,0.799717936,0.497881608,0.589710954,0.469668477,-1
0.066023561,0.061306171,0.109437017,0.647150151,0.054625949,0.737875025,0.066494634,1
0.18336038,0.140110622,0.286401512,0.5461786,0.148771412,0.643728687,0.163350378,1
0.55572084,0.644354807,0.480916812,0.90277929,0.597747523,0.329057177,0.711600492,1
0.24475598,0.229241364,0.279926939,0.736398713,0.20058474,0.760789184,0.221756221,1
0.145455183,0.147065878,0.180554736,0.724097357,0.119153595,0.754031786,0.146152436,1
0.637216012,0.566962586,0.440971813,0.888581315,0.525031935,0.515495466,0.546931008,-1
0.268446728,0.261597216,0.267301253,0.788575354,0.222903228,0.699214602,0.26478451,-1
0.360570181,0.360730972,0.312105171,0.842390747,0.298233087,0.721176638,0.318557122,-1
0.382027087,0.27907579,0.435557477,0.641482899,0.314545498,0.731860024,0.312205973,-1
0.520420123,0.504000046,0.362557439,0.895865763,0.425804711,0.680058619,0.439062501,-1
0.565046881,0.429400689,0.500745131,0.769407216,0.464495117,0.696576369,0.460514586,-1
0.579747165,0.485311449,0.464924022,0.834272608,0.472151477,0.451567147,0.421858786,-1
0.314891614,0.294552452,0.317792978,0.78008442,0.26478709,0.781899736,0.284097737,-1
0.29845334,0.370946055,0.205808015,0.910306455,0.248300129,0.548193781,0.301771943,-1
0.155677766,0.129216979,0.233541206,0.608466914,0.129158435,0.671380779,0.151452918,1
0.061014946,0.008809949,0.184875832,0.156865445,0.050520077,0.909825927,0.055337067,1
0.129968546,0.124737058,0.179121202,0.683544286,0.11030316,0.7961941,0.134446925,1
0.085672356,0.109525267,0.093011727,0.77335028,0.070474218,0.627827991,0.098486587,1
0.111030973,0.136419424,0.122049272,0.778970688,0.095311769,0.660346264,0.122560049,1
0.351399407,0.338941927,0.310557731,0.826784485,0.289700013,0.752693329,0.316418745,-1
0.178987859,0.134386073,0.325785477,0.449252188,0.176203397,0.753750192,0.244868496,-1
0.125931602,0.133851895,0.156565176,0.732211616,0.104971477,0.662511989,0.134086119,1
0.30181412,0.316388636,0.272054492,0.835939111,0.263942113,0.661081042,0.292405898,-1
0.136765236,0.075000023,0.282309613,0.279649644,0.113936956,0.785545071,0.133099435,1
0.396086268,0.410216478,0.305114938,0.877993251,0.325216798,0.58621069,0.356679891,-1
0.447073967,0.366091949,0.416689446,0.772489681,0.365660629,0.662971668,0.347250826,1
0.144408382,0.153773582,0.174389054,0.74301457,0.120546021,0.677436757,0.150266588,1
0.283056858,0.29183486,0.268237708,0.817831823,0.233503122,0.446120418,0.275626973,-1
0.439050166,0.418980236,0.348842916,0.858701704,0.359729925,0.652604442,0.368777959,-1
0.56363946,0.483542403,0.440351129,0.84674111,0.460254366,0.809705756,0.429011887,-1
0.18549405,0.12820039,0.298358046,0.484860447,0.150278882,0.73794375,0.158017183,1
0.788360981,0.512629904,0.676241091,0.722317852,0.645470846,0.775254594,0.509939726,-1
0.176618784,0.127947255,0.282638239,0.515712769,0.144562397,0.749973318,0.155104275,1
0.071768442,0.022560046,0.190504779,0.250817831,0.05735923,0.877037083,0.056956365,1
0.468811356,0.333967891,0.492125959,0.667257325,0.381770722,0.888087312,0.354707966,-1
0.215986497,0.1590999,0.313520631,0.552338652,0.176032815,0.638767091,0.197127599,-1
0.208112954,0.169366478,0.301130497,0.599085449,0.173521688,0.721699083,0.194176686,-1
0.600272469,0.497627771,0.467337344,0.840553397,0.48690088,0.664267403,0.442224124,-1
0.426879232,0.305204727,0.468172281,0.648283894,0.34120788,0.817697179,0.304905664,1
0.533061866,0.397974405,0.513454981,0.728654091,0.447690794,0.751399161,0.418422469,-1
0.503771487,0.384772194,0.471467314,0.748339416,0.409813629,0.789560601,0.382456358,-1
0.658041832,0.566746664,0.470952259,0.875303654,0.538099318,0.795113991,0.494280743,-1
0.238094523,0.270316559,0.220277489,0.835928478,0.203179175,0.530614375,0.271404098,-1
0.343050046,0.238261403,0.428056406,0.57069702,0.277426035,0.851216292,0.26704075,1
0.274041351,0.196960525,0.369976023,0.559304508,0.225366752,0.758630154,0.223811373,1
0.25878511,0.193893847,0.341691658,0.595137581,0.210712557,0.77351224,0.22909213,1
0.533217133,0.433857302,0.455955315,0.803593481,0.431656075,0.799953749,0.397882982,-1
0.649467083,0.498985607,0.52155873,0.810846069,0.529764597,0.83670377,0.454913914,-1
0.283131987,0.223798661,0.349167139,0.647094986,0.235942843,0.621636413,0.237684606,1
0.212019674,0.192175435,0.25683154,0.705741937,0.178369394,0.78388847,0.195277385,1
0.54291882,0.460897676,0.450203208,0.82677761,0.450919953,0.657889539,0.425071404,-1
0.053882678,0.071440713,0.065648351,0.743728498,0.044676648,0.949101886,0.061619423,1
0.162534559,0.161542039,0.203955359,0.719245805,0.132141639,0.645708112,0.153980004,1
0.696462916,0.46023534,0.627243339,0.705541031,0.561032696,0.857270669,0.449944893,-1
0.130529511,0.133037488,0.167686364,0.715972308,0.105653806,0.713236935,0.124466067,1
0.389019113,0.418286152,0.279467282,0.895711039,0.324677282,0.737047353,0.371453697,-1
0.117992948,0.056683947,0.273841195,0.181598487,0.100433199,0.727369414,0.121815345,1
0.172812237,0.229097826,0.146193825,0.858299201,0.140964305,0.745951892,0.1996797,-1
0.341266979,0.324901865,0.316914693,0.810259346,0.283697903,0.612254388,0.307634801,-1
0.423182875,0.409918714,0.333862968,0.861746708,0.343885623,0.678967735,0.360867647,-1
0.310744481,0.237534557,0.37346633,0.64205882,0.249621149,0.710534786,0.240991995,1
0.170928998,0.185325044,0.187672785,0.774026959,0.140155031,0.823755824,0.168032678,1
0.677144689,0.524861245,0.523672684,0.826650674,0.552392513,0.816601936,0.494297099,-1
0.326421445,0.321314483,0.296097633,0.822612045,0.275065654,0.643933132,0.341404325,-1
0.53763974,0.40218542,0.519984384,0.727941182,0.450935821,0.677575849,0.412080942,-1
0.179373522,0.126408737,0.294285505,0.487027658,0.15238934,0.719038709,0.181937663,1
0.428481989,0.356764566,0.408938813,0.769347829,0.348102571,0.773794894,0.336926,-1
0.217759546,0.15297709,0.339327724,0.486603863,0.180844818,0.699060594,0.200102084,1
0.109518372,0.174155998,0.082617493,0.862406246,0.100758495,0.727535589,0.154650141,-1
0.401089875,0.3109446,0.42027106,0.706291619,0.328918033,0.76937221,0.328712129,-1
0.249323837,0.234637772,0.284944655,0.738636183,0.208863923,0.667854485,0.241842054,1
0.099035341,0.058219547,0.219207122,0.379400294,0.081982561,0.672117843,0.102970685,1
0.159694675,0.190587986,0.15281326,0.815455065,0.1295115,0.854469817,0.159169357,1
0.20595925,0.154568862,0.302322636,0.559110454,0.170982791,0.709305686,0.184078446,1
0.287524542,0.262404083,0.303186458,0.756575805,0.233304771,0.795880916,0.246117366,1
0.635493048,0.483810142,0.538030108,0.789751631,0.52052936,0.470138343,0.457707996,-1
0.431056417,0.327450748,0.444450774,0.70496174,0.345595411,0.680943444,0.326704604,1
0.355060704,0.28704908,0.377276853,0.716339239,0.284538913,0.711593853,0.270771485,1
0.477977121,0.345976422,0.491990791,0.684319877,0.385162529,0.641302405,0.333119255,-1
0.139930681,0.162732,0.153494645,0.780447504,0.118578377,0.716169347,0.151738676,-1
0.48268021,0.338090241,0.515373501,0.649584446,0.392449956,0.834191874,0.355424767,-1
0.068021998,0.056724909,0.120542131,0.612402998,0.055570101,0.785180862,0.072242034,1
0.314856553,0.327672172,0.271430509,0.845135723,0.262847214,0.497683824,0.287708203,-1
0.186195256,0.236255805,0.157787896,0.855260911,0.15294869,0.545222623,0.1980503,-1
0.506511199,0.47911239,0.385003226,0.873222709,0.430164473,0.731173182,0.405082747,-1
0.129187202,0.081643895,0.237888944,0.441027741,0.104162204,0.784872349,0.113977675,1
0.510167488,0.394828768,0.474548292,0.756127063,0.414593896,0.656807,0.387228139,-1
0.308791121,0.351745161,0.265379653,0.865896566,0.278120264,0.564367447,0.313790152,-1
0.268131186,0.196145719,0.358963043,0.574386472,0.223918787,0.74642126,0.25299,-1
0.340856273,0.221808448,0.450710781,0.49461214,0.274641182,0.753867861,0.25915353,-1
0.702678607,0.504859811,0.582364034,0.778213543,0.574484882,0.781318652,0.489116886,-1
0.329361502,0.353473564,0.281686556,0.856850641,0.281698522,0.643190381,0.324477709,-1
0.331960973,0.336705018,0.285081192,0.842645539,0.276112949,0.702759138,0.30090697,-1
0.092729495,0.101690595,0.136523985,0.698774579,0.080546498,0.590181118,0.127687344,1
0.130985295,0.136222713,0.164236699,0.726323957,0.106796309,0.758463709,0.132278721,1
0.185388869,0.218706988,0.170493068,0.828869129,0.153059767,0.790671741,0.185346078,1
0.330954241,0.269016933,0.371651801,0.696537645,0.268619237,0.741544112,0.270910516,-1
0.212420363,0.249822452,0.183939146,0.846420051,0.171442966,0.682992843,0.21843873,1
0.778894699,0.801292266,0.514911143,0.937472447,0.774589611,0.163154237,0.786308516,1
0.083183075,0.04351558,0.191183967,0.384104681,0.068645419,0.767879068,0.087773052,1
0.411202268,0.307367047,0.437165594,0.684455878,0.328370584,0.834312271,0.296343976,-1
0.264720319,0.228468494,0.304450188,0.708551338,0.212386642,0.829977667,0.211947107,1
0.136955564,0.109306538,0.218078723,0.581413878,0.112262871,0.693645601,0.132490875,1
0.378355772,0.310434173,0.411128731,0.714440373,0.315021541,0.672383373,0.332632407,-1
0.1290119,0.118858579,0.19311989,0.649083658,0.108664778,0.724750636,0.132760277,1
0.199673438,0.250586715,0.178002434,0.85164068,0.172807623,0.628620988,0.219528845,-1
0.249358897,0.181651588,0.355377392,0.543073588,0.207158102,0.658689572,0.225123744,-1
0.211323476,0.228961086,0.210428439,0.804108932,0.177207055,0.709521442,0.208054731,-1
0.071808511,0.059658409,0.13132081,0.599716499,0.061282619,0.75598685,0.078365154,1
0.426433466,0.374463376,0.378330319,0.808255428,0.350681138,0.68007859,0.35683576,-1
0.382583043,0.32692976,0.372078989,0.768615829,0.311125921,0.668311825,0.311535836,-1
0.445275875,0.460008534,0.338682964,0.886656117,0.374955371,0.591817869,0.402572499,-1
0.274907841,0.231542906,0.32232667,0.693095076,0.231610851,0.622666801,0.257155626,-1
0.236501783,0.257680669,0.228140796,0.818090885,0.201667738,0.667246597,0.239591106,-1
0.358777097,0.432792465,0.243659077,0.919460527,0.299113766,0.424927841,0.367816772,-1
0.626242136,0.495138979,0.496605073,0.822688945,0.506851054,0.576280733,0.451340491,-1
0.486066034,0.466090686,0.364345686,0.876891216,0.40585057,0.438186453,0.436641251,-1
0.240072925,0.216070039,0.273916704,0.723793707,0.196423329,0.723690709,0.219468711,1
0.176568698,0.186144652,0.214645656,0.745630909,0.158704845,0.728413983,0.200826102,-1
0.198716793,0.153798155,0.28394397,0.587934166,0.157435397,0.85461647,0.158665672,1
0.788536282,0.614749302,0.556556525,0.859485016,0.653012163,0.700255442,0.562944062,-1
0.623342148,0.417056558,0.604977817,0.673579799,0.513900459,0.728692461,0.445123081,-1
0.157520936,0.184981393,0.157973054,0.804034533,0.130519125,0.559942731,0.170553029,1
0.719692872,0.543374574,0.553300202,0.82213627,0.58403748,0.665350809,0.486154909,-1
0.464078215,0.347477995,0.471331128,0.705698112,0.383865312,0.649126087,0.372845447,-1
0.785025243,0.511697445,0.667818427,0.727350894,0.640361317,0.750603392,0.517711489,-1
0.144894218,0.163511556,0.156948463,0.77771511,0.118300685,0.60588261,0.149880285,1
0.327909003,0.280741303,0.351778448,0.733009113,0.268083688,0.565754138,0.283594052,1
0.180595624,0.189285217,0.199300138,0.766962298,0.15146899,0.784937801,0.18661371,-1
0.36147674,0.325895369,0.339120812,0.794132548,0.294035973,0.871795996,0.293811118,-1
0.094462475,0.122023267,0.100231322,0.78363886,0.078281326,0.653604329,0.107302282,1
0.336739191,0.224179885,0.439436898,0.519380864,0.275815422,0.797062913,0.266667436,-1
0.31945947,0.236580635,0.395008238,0.612449363,0.265584462,0.73309831,0.273255755,-1
0.582131266,0.470078661,0.480787173,0.814877693,0.489344568,0.750523653,0.434283985,-1
0.269057779,0.231893671,0.310862182,0.706654465,0.221598077,0.765280765,0.231770273,1
0.715675963,0.55784737,0.530105781,0.842704744,0.587687144,0.662167795,0.512926238,-1
0.166200865,0.168169392,0.20328121,0.731102941,0.136287181,0.609531986,0.165313644,1
0.077503306,0.031245122,0.200428956,0.276491892,0.067268861,0.797266325,0.079780476,1
0.235705413,0.228224803,0.251965959,0.763758081,0.191773975,0.722670636,0.20985828,1
0.271191449,0.183884125,0.383037647,0.501801549,0.220027134,0.779761326,0.219464862,1
0.171304644,0.204677191,0.165452876,0.818985418,0.146125406,0.667749698,0.204030059,1
0.516823937,0.487480916,0.380237572,0.8798377,0.435722276,0.645625677,0.428089185,-1
0.251197059,0.254604797,0.269470444,0.778832376,0.207578607,0.713850155,0.238519752,1
0.1427906,0.121092438,0.212255836,0.623356351,0.116047414,0.803533572,0.130155738,1
0.558826181,0.432399358,0.486564301,0.781938529,0.449539428,0.751288467,0.403851196,-1
0.785215571,1,0.367683909,1,0.775109292,0,0.810426237,-1
0.270991105,0.255212367,0.285185239,0.764908161,0.224410698,0.565184913,0.242344778,-1
0.525909564,0.370975757,0.523867535,0.687577879,0.422837376,0.744795275,0.372784831,-1
0.62265096,0.534227778,0.461641113,0.863831245,0.509405819,0.469599777,0.470145703,-1
0.415674961,0.332964307,0.417928086,0.736082234,0.339450488,0.708637479,0.335692524,-1
0.798358176,0.666715353,0.507444119,0.900864963,0.660747864,0.582743775,0.564057269,-1
0.646667268,0.512817521,0.501734703,0.831126357,0.529816168,0.812541062,0.465058819,-1
0.405727852,0.319673299,0.412787466,0.724671491,0.330699228,0.655252969,0.318617738,-1
0.259636575,0.176900941,0.382422785,0.481555067,0.217127238,0.773987208,0.23638378,1
0.158973434,0.111467186,0.272348659,0.479965567,0.13410135,0.688697349,0.16017336,1
0.091847979,0.098090404,0.124050984,0.710030166,0.074905386,0.696253789,0.096118256,1
0.355887126,0.291291366,0.382172536,0.717210474,0.295833036,0.709401088,0.298381809,-1
0.141473334,0.11384566,0.215047044,0.599620957,0.115075493,0.765094829,0.126808901,1
0.182028088,0.195109954,0.191931962,0.782302197,0.14922762,0.553847196,0.178202118,1
0.257047121,0.301187539,0.208369125,0.868446685,0.208487056,0.61136392,0.248526107,-1
0.707551989,0.495510633,0.590846664,0.765173136,0.566971334,0.820155533,0.459469692,-1
0.126527628,0.131510171,0.160171397,0.723293076,0.104424027,0.848199512,0.123247986,1
0.467804624,0.436267746,0.371865385,0.85616714,0.392513428,0.579144311,0.404348146,-1
0.838582362,0.65548192,0.554822858,0.878285148,0.676128024,0.778191725,0.569886933,-1
0.42229635,0.415992461,0.323911042,0.870944016,0.346265838,0.440671119,0.378506734,-1
0.851444485,0.686029763,0.551059077,0.891638023,0.707451662,0.765834511,0.613052809,-1
0.214699283,0.211005722,0.232441459,0.76122805,0.175374289,0.803940472,0.20358266,1
0.259316024,0.218552635,0.314147073,0.681119576,0.224561445,0.641011691,0.244547138,1
0.135838642,0.093392344,0.236802941,0.491012284,0.108890899,0.825963072,0.117239843,1
0.350402693,0.29274021,0.391650091,0.709790587,0.290057046,0.647719519,0.306045811,1
0.403514044,0.382917733,0.355791305,0.83014091,0.338105666,0.776350019,0.364738375,-1
0.095063509,0.125539974,0.09466859,0.795239664,0.080895596,0.775120072,0.127436223,1
0.691464319,0.478356442,0.595915164,0.746724239,0.56066773,0.712973616,0.48246266,-1
0.275724246,0.290055652,0.254227434,0.827057676,0.231360928,0.646138403,0.268069769,1
0.425276476,0.339606567,0.419474723,0.742388811,0.345654916,0.674373775,0.335327388,-1
0.093260408,0.173321859,0.051615981,0.887392922,0.088667,0.581406437,0.135709265,1
0.459345074,0.534094539,0.268991646,0.944520519,0.374003285,0.599233035,0.416254746,-1
0.605446368,0.469609085,0.510370841,0.796289273,0.4930101,0.692639274,0.440766949,-1
0.162269103,0.115078091,0.265294337,0.507680225,0.12983283,0.774826314,0.136959579,1
0.320170694,0.263910157,0.364777477,0.696261363,0.272062616,0.664605284,0.296088525,-1
0.263938975,0.2197596,0.317489995,0.679155945,0.214798594,0.70928107,0.230061977,1
0.514484914,0.507171089,0.356519081,0.899947257,0.423924341,0.530351501,0.43027086,-1
0.094006692,0.106364443,0.121588868,0.729822578,0.075952681,0.556959457,0.097003915,1
0.11064531,0.096141839,0.176682477,0.619605952,0.090293481,0.748594722,0.116470605,1
0.142760548,0.136661808,0.209053428,0.664558826,0.122858798,0.712443915,0.162631171,1
0.105230997,0.110274685,0.141130201,0.7095327,0.087449123,0.604529008,0.11146887,1
0.121729375,0.143908161,0.130681145,0.77977429,0.102896722,0.757452746,0.144488399,-1
0.162048724,0.117738649,0.259845112,0.527523328,0.130265235,0.730588457,0.138431667,1
0.381811716,0.282330005,0.429399257,0.654046238,0.310891867,0.812965218,0.29805131,-1
0.236737188,0.230102462,0.250584571,0.767496493,0.19271416,0.623447627,0.213114194,-1
0.268436711,0.253391001,0.280951064,0.766721266,0.219388443,0.819977439,0.232527004,1
0.324513163,0.311820099,0.305233202,0.807348158,0.26254572,0.81683195,0.270077294,1
0.334244901,0.267516415,0.378638026,0.686734499,0.273954887,0.736594349,0.276503491,-1
0.492181552,0.410529528,0.429654781,0.802524416,0.397440475,0.613860972,0.375935871,-1
0.324578275,0.266615848,0.37020568,0.694491801,0.268091622,0.538123321,0.269546188,1
0.613334936,0.551242702,0.447642919,0.878658821,0.513154658,0.745106894,0.488122024,-1
0.238049445,0.245040489,0.246281308,0.789221894,0.201417815,0.658288682,0.246320861,1
0.046334696,0.033839546,0.09935106,0.582094941,0.038420648,0.811116731,0.045637638,1
0.233055856,0.288854538,0.183726058,0.87632316,0.193840795,0.694729444,0.227271743,-1
0.198346155,0.188844353,0.238690643,0.722005158,0.165456724,0.637099287,0.206434952,1
0.842303762,0.704706628,0.510594195,0.912426776,0.681185982,0.496181984,0.59952643,-1
0.668254398,0.56155005,0.472846837,0.872014053,0.540455732,0.761096624,0.483609542,-1
0.493814361,0.396855826,0.541837604,0.703717086,0.444064932,0.631620868,0.443007314,-1
0.281399006,0.291385671,0.257906953,0.825410671,0.23167829,0.775589521,0.26131115,-1
0.45483732,0.348118083,0.453207559,0.722835941,0.367533065,0.745198848,0.34108008,-1
0.30785451,0.299158216,0.300937202,0.798758119,0.255520117,0.500436016,0.283093253,-1
0.166306046,0.169547953,0.196257443,0.741687306,0.136961575,0.887969754,0.169270003,1
0.730601635,0.396214283,0.770795698,0.45960139,0.587667309,0.706891736,0.452277624,-1
0.51869215,0.449901487,0.416885069,0.838998648,0.420381787,0.492874234,0.398257259,-1
0.358927355,0.418047182,0.252321078,0.909041307,0.304508922,0.518977651,0.375525995,-1
0.102240854,0.135265295,0.108889469,0.792496687,0.085937686,0.774424653,0.120900341,1
0.760693393,0.51101224,0.639917226,0.745860497,0.614313823,0.665856687,0.497248493,-1
0.399016308,0.3431294,0.382636178,0.776591767,0.324502733,0.637728339,0.326267307,-1
0.214078215,0.201572538,0.247716482,0.731340353,0.174557082,0.614243458,0.207724714,1
0.222352446,0.180279586,0.301480346,0.623610041,0.179964138,0.689382779,0.194899261,1
0.715640902,0.503783638,0.601769498,0.764919576,0.58469204,0.826133799,0.491842175,-1
0.215435549,0.178675274,0.303733317,0.616749872,0.185823436,0.759196488,0.221726876,1
0.479289378,0.450681634,0.36412678,0.868742248,0.389930894,0.75490664,0.384528347,-1
0.20038967,0.137247718,0.314237749,0.483658686,0.161235808,0.844984477,0.171431472,1
0.287925231,0.289996925,0.275137692,0.810693086,0.236073755,0.704377704,0.254627578,1
0.10305225,0.03305052,0.262956292,0,0.083442427,0.795490553,0.091943489,1
0.780036663,0.938277064,0.429406512,0.981998224,0.791235253,0.075280402,0.83368091,-1
0.81772649,0.5123784,0.707463918,0.699514344,0.661632511,0.806192925,0.519233609,-1
0.281569299,0.392602195,0.175085695,0.934487289,0.242119503,0.244961292,0.327280932,-1
0.229790239,0.213924656,0.263870693,0.731725506,0.185906743,0.616272438,0.199698462,1
0.148159835,0.09761379,0.260149047,0.454058068,0.121835305,0.81537466,0.132088697,1
0.181071443,0.179646441,0.219905264,0.729583272,0.155995367,0.754033294,0.210430278,-1
0.078449934,0.118202073,0.067756381,0.815859826,0.066749181,0.573596636,0.109569106,1
0.101073847,0.068517858,0.209590439,0.455050573,0.09098771,0.733572954,0.113365267,1
0.136554874,0.149271775,0.174206003,0.735898649,0.11932021,0.666481509,0.142814258,1
0.355696798,0.316812319,0.345776378,0.779842176,0.291731131,0.822415766,0.310754089,-1
0.895735665,0.547616092,0.741821006,0.709801064,0.718265775,0.865085955,0.531870481,-1
0.13451136,0.137134589,0.180881139,0.705668629,0.117562818,0.734370557,0.151766098,1
0.081981007,0.092214983,0.116134937,0.709796758,0.06832409,0.683660661,0.089232152,1
0.212801018,0.174161556,0.285631866,0.633257064,0.173557391,0.655101746,0.200224758,1
0.260062307,0.273306511,0.242622308,0.821066381,0.214215441,0.552821822,0.251176348,1
0.129387547,0.13350147,0.168686195,0.715475696,0.106173486,0.686163146,0.133572331,1
0.281454101,0.25742964,0.292045315,0.761089431,0.226136355,0.8396125,0.238450477,1
0.147528749,0.10704539,0.239688442,0.532842941,0.117979356,0.786524034,0.128944873,1
0.439641183,0.338408116,0.440089156,0.722833848,0.358587421,0.789522839,0.333874542,-1
0.409178788,0.403313714,0.329942719,0.859948579,0.341410198,0.767484677,0.353898317,-1
0.578545098,0.469689048,0.471404745,0.82021833,0.476408096,0.777313892,0.441337503,-1
0.545518291,0.486140999,0.415056888,0.861636349,0.444283119,0.795832648,0.422595793,-1
0.20888929,0.165202206,0.284854563,0.614312424,0.16758305,0.835901684,0.170250914,1
0.345935008,0.351533873,0.291289165,0.849348928,0.28307508,0.746340131,0.306563928,-1
0.293855431,0.294359495,0.291220526,0.801949145,0.240286737,0.531524448,0.269377812,1
0.219041752,0.163778697,0.307271711,0.575360368,0.175084696,0.710238922,0.172879026,1
0.754092038,0.491018516,0.657379144,0.71474648,0.61151707,0.869145827,0.482871574,-1
0.561570902,0.490479881,0.425703799,0.858514871,0.45890161,0.48653854,0.438122481,-1
0.212690828,0.165220843,0.297288986,0.595051411,0.172359349,0.767467177,0.175260827,1
0.772734103,0.602340966,0.541771858,0.860178875,0.618122169,0.876971797,0.511339654,-1
0.152462235,0.103243727,0.260928399,0.474354259,0.125298519,0.709905578,0.147700054,1
0.203885683,0.12642598,0.336526154,0.392858979,0.162223597,0.78767544,0.156656704,1
0.136033978,0.172013277,0.130523574,0.816004139,0.113099914,0.710157513,0.149324162,1
0.633694955,0.477609458,0.530338678,0.78981498,0.513575163,0.749238074,0.452663446,-1
0.148966222,0.143057587,0.191405641,0.70249352,0.121851173,0.813315865,0.140359815,1
0.397093,0.416041024,0.300710669,0.883535837,0.336582328,0.674913572,0.374983824,-1
0.420057499,0.333739464,0.41919889,0.735869152,0.339121224,0.790711355,0.32431703,-1
0.822664984,0.532775597,0.745940924,0.692180412,0.727715231,0.513455136,0.601923626,-1
0.112112834,0.111312209,0.153142364,0.694000393,0.091630368,0.666273758,0.114833507,1
0.414583083,0.336252103,0.40830996,0.748197834,0.339680575,0.720042345,0.33005096,-1
0.07289538,0.03397625,0.185782813,0.346205256,0.061310388,0.719307692,0.076293165,1
0.3103488,0.27875682,0.331595179,0.749760765,0.256904609,0.563259472,0.286325113,-1
0.174359899,0.193932149,0.177020886,0.795842983,0.141115052,0.782340325,0.169391715,1
0.37923228,0.335038172,0.359861801,0.786642159,0.314827157,0.636841275,0.331272409,-1
0.216572505,0.241373666,0.209955827,0.817407195,0.177694999,0.78662725,0.230058609,1
0.289097247,0.36512257,0.256603877,0.879426366,0.268040051,0.243955832,0.359967556,-1
0.475157271,0.319030691,0.524538539,0.6081947,0.386178088,0.755118627,0.338551551,-1
0.086398606,0.087862308,0.131170266,0.676502847,0.071061338,0.757822921,0.093861534,1
0.053722403,0.041484867,0.107429807,0.590690448,0.044839296,0.690574491,0.057037667,1
0.504026926,0.382356964,0.494826782,0.72672773,0.415780036,0.690640593,0.386383852,-1
0.12550587,0.107209281,0.186893361,0.630859762,0.100825935,0.753667415,0.111877784,1
0.089944705,0.127296176,0.090298585,0.802642643,0.08190322,0.591353306,0.12409131,1
0.819820091,0.588158457,0.612042941,0.818536635,0.673089282,0.509850515,0.583464306,-1
0.29487218,0.240737171,0.342155495,0.68519152,0.237382874,0.673677954,0.258783102,1
0.169766999,0.13427248,0.258384894,0.579453845,0.136628345,0.759593553,0.145043559,1
0.309041551,0.221414593,0.39170545,0.58471684,0.248395338,0.795383476,0.257609761,1
0.326551669,0.34214217,0.274380918,0.85369858,0.276243861,0.641987669,0.313272035,-1
0.422747125,0.325795271,0.43269758,0.713892176,0.343651568,0.800977062,0.322880541,-1
0.494745963,0.389180315,0.460304018,0.761485902,0.399959536,0.766338756,0.370239946,-1
0.344712906,0.290768445,0.360265405,0.737635119,0.278489198,0.739668144,0.276885945,-1
0.53738931,0.420178224,0.472456212,0.781205453,0.438249272,0.59437777,0.401611312,-1
0.126006732,0.079363451,0.239407248,0.427103451,0.101682812,1,0.109968879,1
0.317230637,0.286136677,0.334709684,0.755738349,0.263771531,0.607273805,0.287423407,1
0.49706996,0.465830993,0.378072857,0.86971986,0.405307087,0.662811204,0.417051406,-1
0.420979084,0.359094595,0.391987438,0.784732645,0.346468157,0.561057651,0.33890899,-1
0.280828024,0.231560917,0.330444337,0.683700521,0.227548616,0.758597695,0.232878189,1
0.152617502,0.094898129,0.275956252,0.403702628,0.128892644,0.661979079,0.142425069,-1
0.17200585,0.144381707,0.252746298,0.614932915,0.144288673,0.666935937,0.167108053,1
0.259035541,0.251825352,0.272915399,0.772415993,0.215639604,0.634635029,0.246534458,-1
0.124649397,0.10337126,0.196699875,0.60354169,0.102654734,0.675269177,0.120209518,1
0.990143046,0.607283716,0.769153396,0.743964288,0.792520569,0.845227575,0.57416032,-1
0.359954121,0.254534276,0.465234685,0.554757832,0.296241639,0.556396779,0.305672016,-1
0.144223064,0.181992972,0.138575257,0.819475132,0.120244527,0.508258027,0.168210195,1
0.645385062,0.466912128,0.556248343,0.763935629,0.524567793,0.750098908,0.438375045,-1
0.25065112,0.269601942,0.227471719,0.829698631,0.206229818,0.753575992,0.232918118,1
0.357489883,0.300452565,0.383504183,0.727877169,0.299819897,0.897341492,0.30292123,-1
0.354725127,0.332894901,0.341295718,0.799000925,0.301565388,0.673247346,0.313415395,-1
0.221340706,0.224148724,0.232002013,0.778355114,0.18053539,0.74523905,0.217720004,-1
0.293013984,0.292044099,0.280061631,0.808696791,0.248744436,0.768151995,0.271762499,-1
0.105381256,0.036560661,0.264501913,0.033392551,0.087814089,0.668050906,0.108356317,1
0.152176744,0.088058105,0.286230495,0.342360724,0.124937519,0.790848897,0.135198845,1
0.332792403,0.308072975,0.327745041,0.785765161,0.275394917,0.725450847,0.304851302,1
0.190402492,0.190309608,0.230369288,0.733987009,0.160664556,0.651403303,0.187235259,1
0.119951316,0.146245197,0.14142101,0.770743357,0.105046851,0.607325703,0.139803693,1
0.267460031,0.291093684,0.244435888,0.835331527,0.215917295,0.653031776,0.251870539,-1
0.414157351,0.376386991,0.364444945,0.819383524,0.344480677,0.700088718,0.365472495,-1
0.486987619,0.360336379,0.513281454,0.683427599,0.417965868,0.578135177,0.389804294,-1
0.437858116,0.410639729,0.354284613,0.850290452,0.360293243,0.797410939,0.37106547,-1
0.141798894,0.158869592,0.155041721,0.773358384,0.118812431,0.77148013,0.153766406,1
0.398355171,0.29447265,0.439842141,0.662109908,0.325581764,0.760410483,0.305861078,1
0.246749409,0.258339828,0.252158258,0.798379782,0.209756504,0.466992775,0.258835058,-1
0.371989822,0.267056474,0.445043866,0.608016933,0.317857965,0.792896508,0.324126044,-1
0.989341668,0.65563628,0.706428491,0.810837669,0.79749522,0.857524592,0.604823063,-1
0.24801158,0.151966416,0.391332832,0.371758823,0.197395251,0.772358924,0.189202373,1
0.409659615,0.366894065,0.363638804,0.812284437,0.335102627,0.555428685,0.340058758,-1
0.153809552,0.113724304,0.25410388,0.525848662,0.129174303,0.72852241,0.1491529,1
0.174930881,0.147699194,0.241031645,0.640895311,0.142777236,0.761249432,0.15751013,1
0.469001683,0.501663513,0.307593422,0.918779396,0.386086846,0.517756466,0.417426163,-1
0.278649277,0.158256405,0.441610651,0.274546327,0.223791842,0.829027203,0.213979167,1
0.291341107,0.300541962,0.262186836,0.83007551,0.240223264,0.727332024,0.260119528,-1
0.269789037,0.224469954,0.31690573,0.687825147,0.216837645,0.713679617,0.218905372,1
0.122380494,0.12110545,0.167904759,0.692476469,0.1019129,0.654345938,0.138717426,1
0.393316504,0.376921255,0.333925586,0.83992157,0.318790216,0.683121123,0.320390498,-1
0.349891814,0.222201539,0.469247713,0.464126324,0.285026857,0.81911574,0.28013753,1
0.275944625,0.331018348,0.211869823,0.885500817,0.234110077,0.735554457,0.288659769,-1
0.138908923,0.16242701,0.149632527,0.784257349,0.118935409,0.774381312,0.149876436,1
0.705653724,0.48813864,0.609716342,0.746029126,0.563924658,0.745011272,0.462739557,-1
0.413250791,0.306373084,0.449983165,0.669683474,0.335673879,0.843268081,0.316892122,-1
0.106958969,0.100984138,0.159898888,0.660474709,0.087028618,0.714240225,0.110030457,1
0.1856393,0.144701163,0.269661825,0.588080149,0.15217512,0.694512834,0.165458447,-1
0.370592419,0.312012003,0.378308058,0.746736832,0.303533033,0.674238463,0.30849833,-1
0.207291541,0.159303387,0.294824667,0.584212015,0.170415506,0.686109423,0.18487703,1
0.606207677,0.482650367,0.489664935,0.818326309,0.488991503,0.805270358,0.439164008,-1
0.196988821,0.151552246,0.292689567,0.567382575,0.160704226,0.620469291,0.182286442,1
0.177605481,0.144226709,0.251760715,0.61612943,0.144213299,0.699589143,0.166225281,1
0.296269584,0.279784721,0.30027003,0.779344045,0.244325169,0.675421886,0.265028415,1
0.345068518,0.347993396,0.290026792,0.847644065,0.283912122,0.70792621,0.312990125,-1
0.379833313,0.351065336,0.382010695,0.784782153,0.331064194,0.732565804,0.349429614,-1
0.241976199,0.237093338,0.250832302,0.775801644,0.198220392,0.709670883,0.221536851,-1
0.479274352,0.383019168,0.454430543,0.759926267,0.39557994,0.778440213,0.377147698,-1
0.639124294,0.449776813,0.566709703,0.740741771,0.512825395,0.872849114,0.423912013,-1
0.435704412,0.392361717,0.370284074,0.827717095,0.354902054,0.515474518,0.359683241,-1
0.237062748,0.223249706,0.263506602,0.745369587,0.193051357,0.805558768,0.218813006,1
0.234543415,0.200586727,0.287801071,0.682123445,0.190560065,0.748616085,0.206579275,1
0.398851024,0.278308351,0.465895007,0.603533604,0.322455748,0.734770107,0.293115002,1
0.223434307,0.177683724,0.296589235,0.625027369,0.181907981,0.752166999,0.188453821,1
0.320340986,0.272037796,0.33953718,0.733636791,0.258642166,0.733080143,0.268239108,1
0.007618103,0.026081665,0,0.753949542,0.00979062,0.688393869,0.028739887,1
0.12268602,0.079872735,0.225137735,0.464826638,0.098148192,0.848382449,0.108092688,1
0.170653524,0.157485468,0.224918565,0.684408711,0.140615206,0.723802255,0.167055616,1
0.408382418,0.473634969,0.261393513,0.927590033,0.338343687,0.312605687,0.387763094,-1
0.185098369,0.158954547,0.255646207,0.643975016,0.149786971,0.715025695,0.173366354,1
0.115704011,0.064416999,0.23838156,0.355825963,0.095065813,0.635950747,0.115579173,-1
0.160531114,0.154666913,0.205767865,0.704780736,0.13005895,0.688189512,0.152376581,1
0.22834275,0.176805341,0.323246294,0.582604285,0.187553059,0.593431584,0.199547886,1
0.33981949,0.294554932,0.358763486,0.743703461,0.282805322,0.737603249,0.290478713,-1
0.915960452,0.582468193,0.722587889,0.752552461,0.740540626,0.860170214,0.546545667,-1
0.173212926,0.165061929,0.217957051,0.707581165,0.141602996,0.825214942,0.172973797,1
0.040960452,0.046555061,0.068847015,0.682504375,0.038301637,0.662193689,0.063664953,1
0.21076752,0.257799412,0.18393209,0.853079925,0.176671506,0.508864278,0.233786939,-1
0.090695997,0.059633761,0.176303707,0.499995769,0.072977412,0.821262262,0.080228357,1
0.179819289,0.19535181,0.18652776,0.788081214,0.150183673,0.569851492,0.182517839,1
0.287689827,0.221698467,0.361631827,0.626799972,0.233427749,0.802414157,0.238967633,1
0.343971631,0.288327584,0.381269486,0.714105362,0.289378684,0.723087885,0.308069211,1
0.155923188,0.121247824,0.249592681,0.55809726,0.129880434,0.74361751,0.14303411,1
0.312893176,0.279389727,0.321178386,0.760173256,0.256928411,0.721842854,0.26806111,1
0.387576632,0.375784189,0.336884024,0.837196172,0.329350439,0.593449861,0.365248314,-1
0.254768201,0.179607078,0.360925893,0.528057665,0.207491332,0.755997994,0.216954614,1
0.319790039,0.28235974,0.330601362,0.755030813,0.258102651,0.604335989,0.269700132,1
0.721776456,0.504578432,0.598368377,0.767778701,0.579007291,0.790754483,0.475519789,-1
0.276931322,0.301032802,0.24670531,0.841806234,0.234300494,0.499350814,0.292094162,-1
0.065903354,0.075626334,0.09097212,0.713537649,0.054054697,0.835341509,0.072890523,1
0.293229354,0.35456984,0.231697544,0.88765856,0.247673339,0.638694201,0.307400998,-1
0.113294867,0.099760603,0.187641684,0.609864445,0.09735082,0.652318297,0.130212024,-1
0.839669231,0.564390892,0.667656585,0.7717022,0.680475884,0.551504122,0.541303876,-1
0.255324158,0.202384973,0.329572092,0.630904777,0.209609724,0.80661319,0.219719351,-1
0.198661698,0.20162238,0.213750951,0.768227281,0.160017931,0.580555734,0.184232871,1
0.554919461,0.422236832,0.495629929,0.766566418,0.450503416,0.768295266,0.40504378,-1
0.929278359,0.98283388,0.641398422,0.943939329,1,0.279842843,1,-1
0.500335577,0.402856773,0.446763788,0.784198126,0.411059275,0.781592845,0.377753852,-1
0.315297311,0.361366131,0.239314844,0.887174928,0.256472203,0.76229712,0.294138248,-1
0.182684217,0.155915474,0.263135289,0.625985066,0.163643793,0.707692243,0.213860341,-1
0.360560163,0.315260271,0.357340425,0.768581321,0.293678941,0.691092869,0.300757356,-1
0.063939977,0.051072445,0.117887488,0.600082603,0.053257325,0.664273202,0.064920077,1
0.908071884,0.674538244,0.607032186,0.865050245,0.739572672,0.803235367,0.604688843,-1
0.358812157,0.298501067,0.371073281,0.737109939,0.291266989,0.63948556,0.28556261,1
0.304293385,0.244248811,0.353440149,0.677937274,0.244940058,0.743821652,0.253569695,1
0.079616941,0.055070481,0.160442456,0.519772871,0.064924349,0.773768046,0.086324536,1
0.760402893,0.614243642,0.529030676,0.871339678,0.61597204,0.788626089,0.546166099,-1
0.210446969,0.159890803,0.29830756,0.580023016,0.17243869,0.801517183,0.181943436,1
0.195300918,0.183156911,0.241162727,0.709699504,0.158625505,0.624496447,0.174375168,1
0.114146332,0.103873095,0.168563746,0.65319714,0.094169265,0.653616115,0.116167046,1
0.283692952,0.222228574,0.357531918,0.633262177,0.231230016,0.672783201,0.23441859,1
0.230781945,0.179448355,0.315827013,0.600422276,0.186950071,0.736675401,0.201024785,1
0.341447289,0.276033681,0.378329225,0.699813145,0.276148652,0.674308336,0.278631285,1
0.059677646,0.076070275,0.076950285,0.735972877,0.05213069,0.749163705,0.068340037,1
0.248782907,0.258058665,0.244244543,0.804913016,0.209510548,0.670777272,0.245983627,-1
0.43896502,0.431388928,0.348782976,0.866109001,0.359587112,0.619483423,0.385101788,-1
0.256160596,0.235905104,0.280259985,0.745198274,0.209133681,0.771230428,0.216147371,1
0.256626397,0.321820076,0.183685183,0.896814704,0.215080253,0.617103698,0.28226821,-1
0.534564451,0.381060996,0.521056116,0.702766987,0.427137632,0.801615895,0.372477424,-1
0.097928437,0.119206496,0.113621305,0.762807969,0.080375915,0.606502946,0.109065421,1
0.191985215,0.235771907,0.162237378,0.851372787,0.157931275,0.753100016,0.194349392,1
0.361156189,0.293072755,0.386066774,0.71576735,0.300458588,0.680071595,0.305810084,-1
0.297852306,0.252339732,0.379184271,0.661499355,0.256384928,0.645193646,0.266307592,-1
0.366014545,0.340285419,0.338569819,0.8076935,0.300851324,0.657544248,0.307885441,-1
0.162173939,0.154352311,0.204837073,0.705433824,0.133668944,0.78517953,0.159547001,1
0.212846095,0.204181876,0.257185759,0.724576533,0.17542586,0.697882846,0.198104181,1
0.337320191,0.273897013,0.366841566,0.708676667,0.271955506,0.711736515,0.271505605,1
0.1562788,0.153312143,0.199166814,0.710987614,0.127480383,0.61456964,0.15027669,1
0.250335577,0.210225061,0.30661091,0.675809608,0.204567634,0.779723141,0.220974475,-1
0.239311616,0.148284635,0.379569178,0.383727036,0.192027864,0.875509472,0.188292661,1
0.26637817,0.282756747,0.243991472,0.828511037,0.220483342,0.575806741,0.258941376,1
0.730641704,0.497644574,0.618289463,0.74866999,0.587187299,0.860146616,0.468095844,-1
0.070025444,0.092043369,0.078887265,0.762844342,0.060386071,0.527026375,0.086339449,1
0.383790119,0.295808008,0.425801678,0.679210729,0.316953483,0.566227355,0.311342444,-1
0.229164162,0.248175185,0.216529225,0.818549373,0.188394069,0.758559879,0.224248669,-1
0.082251473,0.106138641,0.090011188,0.771744486,0.070212395,0.697079338,0.100844334,1
0.246549064,0.265965594,0.245509423,0.811741173,0.210879172,0.626628088,0.250796299,1
0.265281284,0.237383793,0.29185406,0.735229357,0.215548362,0.668169385,0.231126595,1
0.080493449,0.072823739,0.140471153,0.621239882,0.066062885,0.664877776,0.078553735,1
0.066799896,0.084715221,0.077648189,0.751490493,0.055514563,0.88022061,0.072458037,1
0.175677165,0.191422188,0.184751378,0.784977756,0.143106499,0.627366071,0.178706284,1
0.196753416,0.229963821,0.180092318,0.831600672,0.15979181,0.827299723,0.196938055,1
0.033607805,0.050264006,0.040966736,0.738732512,0.029990717,0.661244129,0.045558261,1
0.26251152,0.25102822,0.2714918,0.772809307,0.216397306,0.588555332,0.238314814,-1
0.355892134,0.408948957,0.254865861,0.90357307,0.298050603,0.380939105,0.352824077,-1
0.096365749,0.092825285,0.146456164,0.663092651,0.082442736,0.648220989,0.110364804,1
0.112513523,0.126380368,0.137421058,0.744243245,0.091432017,0.863437806,0.11609681,1
0.247130064,0.168054071,0.364437743,0.487233335,0.198938424,0.849038946,0.206670198,1
0.357444805,0.32639945,0.339198536,0.794550406,0.2928657,0.689754684,0.307699746,-1
0.119144929,0.072313852,0.231736296,0.414710066,0.097323051,0.763297033,0.108748874,1
0.586148175,0.397135572,0.570080757,0.679297588,0.470977237,0.857746204,0.399642754,-1
0.178131386,0.138436097,0.263133474,0.582541419,0.143566674,0.798383074,0.151197948,1
0.710682374,0.601872598,0.482794047,0.885607817,0.577817184,0.436388211,0.51044293,-1
0.045939015,0.050392019,0.07250363,0.685707468,0.04116583,0.62408316,0.063160786,1
0.403378812,0.352577896,0.375439753,0.791204108,0.329421846,0.738982612,0.325300828,-1
0.155717835,0.141199827,0.216530278,0.663227821,0.128011965,0.671228496,0.155076854,1
0.143591978,0.138192686,0.18621564,0.70035338,0.116630567,0.646835293,0.140992909,1
0.271837561,0.174226328,0.398859313,0.440955221,0.217761963,0.876431403,0.205218795,1
0.399712506,0.278532903,0.464995577,0.605084,0.322019375,0.783685141,0.300662103,-1
0.369585687,0.347853739,0.33641638,0.815743966,0.310733186,0.514310409,0.336085081,-1
0.273410266,0.276912504,0.277662654,0.795767808,0.227092408,0.683289198,0.261480488,-1
0.121293625,0.110120809,0.17484205,0.657831894,0.098652005,0.836159817,0.113686625,1
0.160070321,0.135874053,0.225877557,0.63715145,0.131808409,0.754508127,0.148747353,1
0.17287234,0.172306405,0.227192318,0.708519729,0.147220305,0.799537674,0.174973625,1
0,0,0.002604397,0.682835501,0,0.654716736,0,1
0.387341227,0.247866679,0.49870821,0.487819481,0.321448123,0.75628808,0.309289698,-1
0.23246484,0.266151408,0.215182342,0.836249205,0.203833734,0.588892986,0.273563162,-1
0.319304203,0.364814789,0.236701573,0.890573562,0.267417228,0.786943524,0.309573532,-1
0.240974476,0.156054696,0.37813108,0.417919053,0.199208182,0.771271106,0.207313395,1
0.305159875,0.213543433,0.397355398,0.55798073,0.244900388,0.77657646,0.234263684,1
0.257212405,0.205209716,0.328269652,0.638397799,0.210486437,0.801905391,0.210550066,1
0.221986817,0.194149331,0.273756877,0.68829063,0.179238172,0.762341911,0.194110779,1
0.317335818,0.264546794,0.349947849,0.71288483,0.256174676,0.816963766,0.261609897,1
0.288886885,0.284282488,0.280063862,0.801186918,0.24455129,0.74779417,0.271079373,-1
0.285866691,0.270768253,0.289032901,0.77935157,0.235926975,0.59274749,0.26705855,-1
0.266683696,0.236257187,0.292945361,0.732514341,0.212537389,0.678568765,0.216316709,-1
0.179628962,0.098330887,0.372812218,0.115788502,0.153099437,0.578886007,0.169672662,1
0.399206635,0.365516805,0.356824934,0.815915746,0.325918962,0.703282542,0.325455253,-1
0.30459891,0.274915197,0.316149462,0.759516705,0.256611049,0.713984076,0.27937695,-1
0.585266659,0.504372037,0.441882397,0.857846299,0.483735193,0.578711974,0.449343068,-1
0.175612053,0.204973974,0.184923963,0.801112521,0.151568165,0.65076775,0.209327174,1
0.157851505,0.175187687,0.173072273,0.776049951,0.133522164,0.74313415,0.173820008,-1
0.093631045,0.133423122,0.085023294,0.816428181,0.079927641,0.567627781,0.119272384,1
0.235885723,0.140978838,0.398692507,0.30253482,0.193614675,0.716252857,0.208346262,1
0.703975838,0.517344655,0.565131596,0.798091168,0.573798586,0.877104555,0.491690155,-1
0.167898786,0.157730116,0.213481116,0.700209851,0.135830973,0.712032877,0.156736562,1
0.39062187,0.304590311,0.413932972,0.703896095,0.315100881,0.761880742,0.294013169,1
0.309342068,0.283778625,0.314133392,0.771543172,0.260098065,0.738291466,0.274409372,1
0.405322154,0.309335822,0.434943779,0.689534563,0.336998865,0.767842001,0.330681649,-1
0.207386705,0.177022613,0.265929553,0.666689077,0.17203802,0.667809735,0.19488098,-1
0.733070882,0.57748702,0.53131936,0.852626809,0.59322908,0.786445164,0.514995822,-1
0.784043555,0.459124366,0.737570399,0.609715984,0.6320861,0.739581995,0.485444362,-1
0.29910446,0.203016825,0.416128361,0.499849397,0.245626354,0.871576471,0.250337835,1
0.244320231,0.210155879,0.298789116,0.685301045,0.201001277,0.659188992,0.224014867,1
